,rain_mm,Q_in_cms,Q_out_cms,dam_el_masl,MW_schedule,operation_mode
2025-12-08 15:00:00,0.0,0.3081430592343979,0.0,331.92404228071933,0.0,recovery
2025-12-08 16:00:00,0.0,0.3801851552132977,0.0,331.9290296236973,0.0,recovery
2025-12-08 17:00:00,0.0,0.45636904048205396,0.0,331.9350163617333,0.0,recovery
2025-12-08 18:00:00,0.0,0.40002117610173266,0.0,331.9402639175001,0.0,recovery
2025-12-08 19:00:00,0.0,0.2867428560078216,0.0,331.9440254661818,0.0,recovery
2025-12-08 20:00:00,0.0,0.21429129548614148,0.0,331.9468365811692,0.0,recovery
2025-12-08 21:00:00,0.0,0.22812696661007034,0.0,331.9498291951874,0.0,recovery
2025-12-08 22:00:00,0.0,0.2877339550787324,0.0,331.9536037453,0.0,recovery
2025-12-08 23:00:00,0.0,0.3480973688103086,0.0,331.9581701544409,0.0,recovery
2025-12-09 00:00:00,0.0,0.3716949170697272,0.0,331.96304612081985,0.0,recovery
2025-12-09 01:00:00,0.0,0.35306046370807365,0.0,331.9676776368071,0.0,recovery
2025-12-09 02:00:00,0.0,0.31314154176496684,0.0,331.97178548859466,0.0,recovery
2025-12-09 03:00:00,0.0,0.28294962127080003,0.0,331.9754972768837,0.0,recovery
2025-12-09 04:00:00,0.0,0.27833867911984256,0.0,331.9791485779347,0.0,recovery
2025-12-09 05:00:00,0.0,0.2956029853871809,0.0,331.9830263555208,0.0,recovery
2025-12-09 06:00:00,0.0,0.3195863092001308,0.0,331.9872187510239,0.0,recovery
2025-12-09 07:00:00,0.0,0.3350739398383187,0.0,331.99161431628477,0.0,recovery
2025-12-09 08:00:00,0.0,0.33540724878837985,0.0,331.99601425395747,0.0,recovery
2025-12-09 09:00:00,0.0,0.3241365563854188,0.0,332.0,10.0,generation
2025-12-09 10:00:00,0.0,0.3104955488988291,6.05,331.9247080617722,10.0,generation
2025-12-09 11:00:00,0.0,0.3027796759992083,6.05,331.8493149052196,10.0,generation
2025-12-09 12:00:00,0.0,0.3038885542600483,6.05,331.7739362951482,10.0,generation
2025-12-09 13:00:00,0.0,0.31101816895837775,6.05,331.6986512127522,10.0,generation
2025-12-09 14:00:00,0.0,0.318653037107598,6.05,331.62346628604496,10.0,generation
2025-12-09 15:00:00,0.0,0.3223528358154353,6.05,331.54832989401837,10.0,generation
2025-12-09 16:00:00,0.0,0.32099706827360486,6.05,331.4731757167689,10.0,generation
2025-12-09 17:00:00,0.0,0.31659937917155623,6.05,331.3979638497765,10.0,generation
2025-12-09 18:00:00,0.0,0.3123960846763902,6.05,331.3226968431475,10.0,generation
2025-12-09 19:00:00,0.0,0.31071516803994476,6.05,331.24740778592644,10.0,generation
2025-12-09 20:00:00,0.0,0.3118844695583683,6.05,331.1721340678306,10.0,generation
2025-12-09 21:00:00,0.0,0.3145398390670651,6.05,331.0968951833896,10.0,generation
2025-12-09 22:00:00,0.0,0.3168136726720541,6.05,331.0216861275411,10.0,generation
2025-12-09 23:00:00,0.0,0.31751479977990354,6.05,330.9464862692147,10.0,generation
2025-12-10 00:00:00,0.0,0.3166349144562832,6.05,330.8712748683811,10.0,generation
2025-12-10 01:00:00,0.0,0.31506143909744305,6.05,330.796042826391,10.0,generation
2025-12-10 02:00:00,0.0,0.31385491200331755,6.05,330.7207949569433,10.0,generation
2025-12-10 03:00:00,0.0,0.3136067997413947,6.05,330.64554383271053,10.0,generation
2025-12-10 04:00:00,0.0,0.3142208936119759,6.05,330.5703007642809,10.0,generation
2025-12-10 05:00:00,0.0,0.315137352640146,6.05,330.49506971813946,10.0,generation
2025-12-10 06:00:00,0.0,0.31576354325468253,6.05,330.4198468864886,10.0,generation
2025-12-10 07:00:00,0.0,0.3158171203027269,6.05,330.34462475767185,10.0,generation
2025-12-10 08:00:00,0.0,0.3154090717293588,6.05,330.2693972759944,10.0,generation
2025-12-10 09:00:00,0.0,0.31488394034856365,6.05,330.1941629055411,10.0,generation
2025-12-10 10:00:00,0.0,0.31456744677712,6.05,330.11892438326345,10.0,generation
2025-12-10 11:00:00,0.0,0.3145870171480762,6.05,330.0436861177137,10.0,generation
2025-12-10 12:00:00,0.0,0.3148486769024145,0.0,330.0,0.0,recovery
2025-12-10 13:00:00,0.0,0.31514479364542747,0.0,330.00413413083623,0.0,recovery
2025-12-10 14:00:00,0.0,0.31529948408887426,0.0,330.0082702909319,0.0,recovery
2025-12-10 15:00:00,0.0,0.3152602003932762,0.0,330.01240593569634,0.0,recovery
2025-12-10 16:00:00,0.0,0.31509700443278055,0.0,330.01653943962435,0.0,recovery
2025-12-10 17:00:00,0.0,0.31493271505120185,0.0,330.02067078837223,0.0,recovery
2025-12-10 18:00:00,0.0,0.3148604678163424,0.0,330.0248011893668,0.0,recovery
2025-12-10 19:00:00,0.0,0.3148983927736688,0.0,330.0289320878684,0.0,recovery
2025-12-10 20:00:00,0.0,0.31499787134435137,0.0,330.0330642913492,0.0,recovery
2025-12-10 21:00:00,0.0,0.31508748627658706,0.0,330.0371976704162,0.0,recovery
2025-12-10 22:00:00,0.0,0.3151190155733672,0.0,330.04133146309067,0.0,recovery
2025-12-10 23:00:00,0.0,0.3150889677033425,0.0,330.0454648615913,0.0,recovery
2025-12-11 00:00:00,0.0,0.31502951950567176,0.0,330.0495974802389,0.0,recovery
2025-12-11 01:00:00,0.0,0.31498152804265367,0.0,330.0537294693251,0.0,recovery
2025-12-11 02:00:00,0.0,0.3149692942916312,0.0,330.0578612979266,0.0,recovery
2025-12-11 03:00:00,0.0,0.3149909114820642,0.0,330.0619934101066,0.0,recovery
2025-12-11 04:00:00,0.0,0.31502580877546,0.0,330.0661259800761,0.0,recovery
2025-12-11 05:00:00,0.0,0.3150509838050406,0.0,330.07025888029654,0.0,recovery
2025-12-11 06:00:00,0.0,0.31505460483214504,0.0,330.07439182801835,0.0,recovery
2025-12-11 07:00:00,0.0,0.315039942755491,0.0,330.07852458340017,0.0,recovery
2025-12-11 08:00:00,0.0,0.3150197961529955,0.0,330.08265707449493,0.0,recovery
2025-12-11 09:00:00,0.0,0.31500690616142357,0.0,330.0867893964963,0.0,recovery
2025-12-11 10:00:00,0.0,0.31500676862502236,0.0,330.0909217166934,0.0,recovery
2025-12-11 11:00:00,0.0,0.31501631505601074,0.0,330.09505416212244,0.0,recovery
2025-12-11 12:00:00,0.0,0.3150277600756955,0.0,330.0991867576895,0.0,recovery
2025-12-11 13:00:00,0.0,0.3150341658892735,0.0,330.10331943728926,0.0,recovery
2025-12-11 14:00:00,0.0,0.3150331548140368,0.0,330.1074521036255,0.0,recovery
2025-12-11 15:00:00,0.0,0.315027128230961,0.0,330.1115846909039,0.0,recovery
2025-12-11 16:00:00,0.0,0.3150207301159422,0.0,330.1157171942506,0.0,recovery
2025-12-11 17:00:00,0.0,0.3150176687141973,0.0,330.11984965743716,0.0,recovery
2025-12-11 18:00:00,0.0,0.3150188512863501,0.0,330.123982136137,0.0,recovery
2025-12-11 19:00:00,0.0,0.3150225623195226,0.0,330.12811466351883,0.0,recovery
2025-12-11 20:00:00,0.0,0.3150260803133136,0.0,330.1322472370504,0.0,recovery
2025-12-11 21:00:00,0.0,0.31502746432123124,0.0,330.1363798287377,0.0,recovery
2025-12-11 22:00:00,0.0,0.31502645851031125,0.0,330.1405124072305,0.0,recovery
2025-12-11 23:00:00,0.0,0.3150242210286052,0.0,330.1446449563717,0.0,recovery
2025-12-12 00:00:00,0.0,0.31502232050196294,0.0,330.1487774805813,0.0,recovery
2025-12-12 01:00:00,0.0,0.31502174808519173,0.0,330.1529099972819,0.0,recovery
2025-12-12 02:00:00,0.0,0.31502249967556556,0.0,330.157042523842,0.0,recovery
2025-12-12 03:00:00,0.0,0.3150238237776088,0.0,330.1611750677719,0.0,recovery
2025-12-12 04:00:00,0.0,0.3150248306850891,0.0,330.16530762491067,0.0,recovery
2025-12-12 05:00:00,0.0,0.31502502949289746,0.0,330.1694401846574,0.0,recovery
2025-12-12 06:00:00,0.0,0.3150245071943302,0.0,330.1735727375525,0.0,recovery
2025-12-12 07:00:00,0.0,0.3150237369308496,0.0,330.17770528034316,0.0,recovery
2025-12-12 08:00:00,0.0,0.3150232152765026,0.0,330.1818378162906,0.0,recovery
2025-12-12 09:00:00,0.0,0.31502317576453315,0.0,330.1859703517198,0.0,recovery
2025-12-12 10:00:00,0.0,0.31502352177727033,0.0,330.190102891688,0.0,recovery
2025-12-12 11:00:00,0.0,0.31502396261341414,0.0,330.1942354374392,0.0,recovery
2025-12-12 12:00:00,0.0,0.31502422569260585,0.0,330.19836798664153,0.0,recovery
2025-12-12 13:00:00,0.0,0.31502420616279747,0.0,330.20250053558766,0.0,recovery
2025-12-12 14:00:00,0.0,0.3150239847874445,0.0,330.2066330816297,0.0,recovery
2025-12-12 15:00:00,0.0,0.31502373649909415,0.0,330.2107656244147,0.0,recovery
2025-12-12 16:00:00,0.0,0.3150236082844564,0.0,330.21489816551775,0.0,recovery
2025-12-12 17:00:00,0.0,0.3150236429937418,0.0,330.2190307070761,0.0,recovery
2025-12-12 18:00:00,0.0,0.3150237808113727,0.0,330.2231632504424,0.0,recovery
2025-12-12 19:00:00,0.0,0.31502391839644994,0.0,330.22729579561354,0.0,recovery
2025-12-12 20:00:00,0.0,0.3150239780353528,0.0,330.23142834156704,0.0,recovery
2025-12-12 21:00:00,0.0,0.3150239452472918,0.0,330.2355608870904,0.0,recovery
2025-12-12 22:00:00,0.0,0.3150238613691499,0.0,330.23969343151344,0.0,recovery
2025-12-12 23:00:00,0.0,0.3150237864184015,0.0,330.24382597495327,0.0,recovery
2025-12-13 00:00:00,0.0,0.3150237605589905,0.0,330.24795851805385,0.0,recovery
2025-12-13 01:00:00,0.0,0.3150237862965373,0.0,330.2520910614921,0.0,recovery
2025-12-13 02:00:00,0.0,0.31502383635291986,0.0,330.25622360558697,0.0,recovery
2025-12-13 03:00:00,0.0,0.3150238764335532,0.0,330.26035615020766,0.0,recovery
2025-12-13 04:00:00,0.0,0.3150238863437336,0.0,330.26448869495835,0.0,recovery
2025-12-13 05:00:00,0.0,0.3150238679251833,0.0,330.2686212394674,0.0,recovery
2025-12-13 06:00:00,0.0,0.3150238385782695,0.0,330.2727537835915,0.0,recovery
2025-12-13 07:00:00,0.0,0.31502381758775383,0.0,330.2768863274402,0.0,recovery
2025-12-13 08:00:00,0.0,0.3150238147570273,0.0,330.2810188712518,0.0,recovery
2025-12-13 09:00:00,0.0,0.31502382720587374,0.0,330.28515141522666,0.0,recovery
2025-12-13 10:00:00,0.0,0.3150238441277788,0.0,330.2892839594235,0.0,recovery
2025-12-13 11:00:00,0.0,0.315023854853935,0.0,330.29341650376114,0.0,recovery
2025-12-13 12:00:00,0.0,0.31502385484989115,0.0,330.2975490480987,0.0,recovery
2025-12-13 13:00:00,0.0,0.31502384676524187,0.0,330.30168159233017,0.0,recovery
2025-12-13 14:00:00,0.0,0.31502383716350807,0.0,330.3058141364357,0.0,recovery
2025-12-13 15:00:00,0.0,0.3150238318464302,0.0,330.30994668047146,0.0,recovery
2025-12-13 16:00:00,0.0,0.31502383276243423,0.0,330.3140792245192,0.0,recovery
2025-12-13 17:00:00,0.0,0.3150238378559424,0.0,330.31821176863383,0.0,recovery
2025-12-13 18:00:00,0.0,0.31502384321715504,0.0,330.32234431281876,0.0,recovery
2025-12-13 19:00:00,0.0,0.3150238457495594,0.0,330.32647685703694,0.0,recovery
2025-12-13 20:00:00,0.0,0.31502384471960704,0.0,330.3306094012416,0.0,recovery
2025-12-13 21:00:00,0.0,0.31502384158837543,0.0,330.33474194540514,0.0,recovery
2025-12-13 22:00:00,0.0,0.3150238386442356,0.0,330.3388744895301,0.0,recovery
2025-12-13 23:00:00,0.0,0.315023837505226,0.0,330.3430070336401,0.0,recovery
2025-12-14 00:00:00,0.0,0.3150238383698262,0.0,330.3471395777614,0.0,recovery
2025-12-14 01:00:00,0.0,0.3150238402549928,0.0,330.35127212190747,0.0,recovery
2025-12-14 02:00:00,0.0,0.31502384184333126,0.0,330.3554046660744,0.0,recovery
2025-12-14 03:00:00,0.0,0.31502384231025415,0.0,330.3595372102474,0.0,recovery
2025-12-14 04:00:00,0.0,0.31502384166850056,0.0,330.36366975441206,0.0,recovery
2025-12-14 05:00:00,0.0,0.3150238405543544,0.0,330.3678022985621,0.0,recovery
2025-12-14 06:00:00,0.0,0.31502383971414155,0.0,330.3719348427011,0.0,recovery
2025-12-14 07:00:00,0.0,0.315023839555215,0.0,330.376067386838,0.0,recovery
2025-12-14 08:00:00,0.0,0.31502383999932526,0.0,330.38019993098067,0.0,recovery
2025-12-14 09:00:00,0.0,0.3150238406466568,0.0,330.3843324751319,0.0,recovery
2025-12-14 10:00:00,0.0,0.3150238410811626,0.0,330.3884650192888,0.0,recovery
2025-12-14 11:00:00,0.0,0.3150238411097425,0.0,330.3925975634461,0.0,recovery
2025-12-14 12:00:00,0.0,0.3150238408163899,0.0,330.3967301075995,0.0,recovery
2025-12-14 13:00:00,0.0,0.31502384044634996,0.0,330.4008626517481,0.0,recovery
2025-12-14 14:00:00,0.0,0.3150238402277102,0.0,330.40499519589383,0.0,recovery
2025-12-14 15:00:00,0.0,0.315023840246706,0.0,330.4091277400398,0.0,recovery
2025-12-14 16:00:00,0.0,0.3150238404339715,0.0,330.41326028418825,0.0,recovery
2025-12-14 17:00:00,0.0,0.3150238406421388,0.0,330.4173928283394,0.0,recovery
2025-12-14 18:00:00,0.0,0.3150238407483826,0.0,330.42152537249194,0.0,recovery
2025-12-14 19:00:00,0.0,0.3150238407177936,0.0,330.42565791664407,0.0,recovery
2025-12-14 20:00:00,0.0,0.31502384060142147,0.0,330.42979046079466,0.0,recovery
2025-12-14 21:00:00,0.0,0.31502384048621024,0.0,330.4339230049438,0.0,recovery
2025-12-14 22:00:00,0.0,0.3150238404369982,0.0,330.4380555490922,0.0,recovery
2025-12-14 23:00:00,0.0,0.31502384046532,0.0,330.44218809324104,0.0,recovery
2025-12-15 00:00:00,0.0,0.31502384053603816,0.0,330.4463206373908,0.0,recovery
2025-12-15 01:00:00,0.0,0.3150238405987183,0.0,330.4504531815414,0.0,recovery
2025-12-15 02:00:00,0.0,0.3150238406199127,0.0,330.45458572569225,0.0,recovery
2025-12-15 03:00:00,0.0,0.31502384059787636,0.0,330.45871826984285,0.0,recovery
2025-12-15 04:00:00,0.0,0.3150238405557315,0.0,330.4628508139929,0.0,recovery
2025-12-15 05:00:00,0.0,0.31502384052226245,0.0,330.46698335814244,0.0,recovery
2025-12-15 06:00:00,0.0,0.3150238405142472,0.0,330.4711159022919,0.0,recovery
2025-12-15 07:00:00,0.0,0.3150238405299362,0.0,330.4752484464416,0.0,recovery
2025-12-15 08:00:00,0.0,0.3150238405546128,0.0,330.4793809905916,0.0,recovery
2025-12-15 09:00:00,0.0,0.3150238405721109,0.0,330.48351353474186,0.0,recovery
2025-12-15 10:00:00,0.0,0.31502384057431093,0.0,330.4876460788921,0.0,recovery
2025-12-15 11:00:00,0.0,0.3150238405637433,0.0,330.49177862304225,0.0,recovery
2025-12-15 12:00:00,0.0,0.3150238405495316,0.0,330.49591116719216,0.0,recovery
2025-12-15 13:00:00,0.0,0.3150238405406077,0.0,330.50004371134196,0.0,recovery
2025-12-15 14:00:00,0.0,0.3150238405374159,0.0,330.50417625549176,0.0,recovery
